bairro_group,count,mean,std,min,25%,50%,75%,max
Bronx,1090.0,87.57706422018349,106.72537135696206,10.0,45.0,65.0,99.0,2500.0
Brooklyn,20094.0,124.43769284363492,186.9014078091739,10.0,60.0,90.0,150.0,10000.0
Manhattan,21660.0,196.8849030470914,291.3868383820931,10.0,95.0,150.0,220.0,10000.0
Queens,5666.0,99.51764913519237,167.1021550634422,10.0,50.0,75.0,110.0,10000.0
Staten Island,373.0,114.81233243967829,277.6204033246219,13.0,50.0,75.0,110.0,5000.0
